1,-0.383324659
1,-0.461455397
1,-0.393012465
1,-0.283182307
1,-0.329455828
1,-0.304611425
1,-0.307341784
1,-0.358271741
1,-0.322452578
2,-0.452214889
2,-0.518094108
2,-0.563253656
2,-0.460412828
2,-0.492203099
2,-0.402039187
2,-0.366727338
2,-0.446745856
2,-0.544463238
3,-0.383498467
3,-0.507061285
3,-0.457548685
3,-0.409820491
3,-0.492440186
3,-0.520729465
3,-0.477701193
3,-0.479016663
3,-0.496350684
4,-0.165991721
4,-0.239234656
4,-0.328389383
4,-0.278736338
4,-0.331653562
4,-0.320506398
4,-0.333337563
4,-0.312172204
4,-0.321391006
5,-0.188804245
5,-0.303530791
5,-0.204898008
5,-0.187316454
5,-0.180311101
5,-0.04175319
5,-0.207554311
5,-0.201351232
5,-0.255903394
6,-0.173259598
6,-0.41267307
6,-0.475146978
6,-0.222285177
6,-0.3120025
6,-0.39300232
6,-0.344919137
6,-0.198802273
6,-0.476081387
7,-0.367092914
7,-0.183679379
7,-0.307646492
7,-0.407602091
7,-0.309471802
7,-0.431346345
7,-0.491275003
7,-0.391516768
7,-0.401598891
8,-0.453240485
8,-0.443642452
8,-0.439983035
8,-0.461402743
8,-0.363607869
8,-0.442652787
8,-0.442329129
8,-0.526956317
8,-0.348586624
9,-0.307793098
9,-0.204919597
9,-0.351742554
9,-0.314037442
9,-0.333038009
9,-0.324460473
9,-0.361701739
9,-0.29998489
9,-0.261356124
10,-0.145183653
10,-0.136566335
10,-0.143932309
10,-0.043454197
10,-0.083469477
10,-0.055746423
10,-0.070604385
10,-0.104154835
10,-0.077590098
11,-0.196705988
11,-0.485306182
11,-0.233971042
11,-0.326744158
11,-0.279410883
11,-0.357079286
11,-0.241787114
11,-0.353325818
11,-0.361748751
12,-0.215354312
12,-0.132581899
12,-0.078151677
12,-0.224534018
12,-0.156675269
12,-0.152972567
12,-0.15737162
12,-0.127448475
12,-0.144211253
13,-0.051281996
13,-0.23053916
13,-0.161363218
13,-0.09215316
13,-0.104398315
13,-0.15348592
13,-0.110364219
13,-0.064042085
13,-0.032115595
14,-0.234408868
14,-0.277394655
14,-0.412644009
14,-0.471874268
14,-0.440396164
14,-0.316643166
14,-0.348040782
14,-0.366459502
14,-0.329702488
15,-0.259657906
15,-0.227914179
15,-0.28515963
15,-0.156425705
15,-0.148428151
15,-0.174658736
15,-0.119495167
15,-0.250490624
15,-0.258875498
16,-0.270398497
16,-0.327294769
16,-0.324731253
16,-0.215151139
16,-0.315390338
16,-0.267336558
16,-0.422700942
16,-0.249222683
16,-0.409435717
17,-0.137354457
17,-0.119752468
17,-0.069266039
17,-0.031942517
17,-0.325708073
17,-0.199096136
17,-0.240367155
17,-0.277877673
17,-0.141977255
18,-0.135741664
18,-0.048919699
18,-0.083966957
18,-0.060975035
18,-0.112126284
18,-0.025454449
18,-0.003156894
18,-0.247241807
18,-0.082480129
19,-0.374490051
19,-0.422261033
19,-0.268925618
19,-0.331813237
19,-0.309420308
19,-0.203235542
19,-0.379135417
19,-0.332154357
19,-0.275588994
20,-0.109969664
20,-0.065497307
20,0.022216468
20,-0.028808172
20,-0.016016132
20,-0.057606448
20,-0.171379486
20,-0.115365708
20,-0.079705935
21,-0.181309308
21,-0.213955212
21,-0.185075663
21,-0.148530005
21,-0.056898102
21,0.049775493
21,-0.104744793
21,-0.302831423
21,-0.078002081
22,-0.324619731
22,-0.194663433
22,-0.133202999
22,-0.079517685
22,-0.110972403
22,-0.012614691
22,-0.196636805
22,-0.204655654
22,-0.094972434
23,-0.059854968
23,-0.131634364
23,-0.151327415
23,-0.076389198
23,-0.151009095
23,-0.044199516
23,-0.099227622
23,-0.080660742
23,-0.057507617
24,-0.17027121
24,-0.213573115
24,-0.26037679
24,-0.076317769
24,-0.182942857
24,-0.158396923
24,-0.118100728
24,-0.12503605
24,-0.176881785
25,-0.081207611
25,-0.106424456
25,-0.120724647
25,-0.212288139
25,-0.066060713
25,-0.158358768
25,-0.008980785
25,0.01697101
25,-0.077186571
26,0.029345519
26,-0.042259968
26,-0.016437938
26,-0.03611417
26,-0.006530443
26,-0.078433177
26,-0.051622526
26,0.009144078
26,-0.013734053
27,-0.095181247
27,-0.140938655
27,-0.146740927
27,-0.15879161
27,-0.146333043
27,-0.247623368
27,-0.165059808
27,-0.238608598
27,-0.231147785
28,0.019678587
28,0.047784211
28,0.039832756
28,0.041576439
28,0.063056677
28,-0.007304151
28,0.000567429
28,0.167222734
28,-0.004672276
29,-0.085179245
29,-0.006585238
29,0.005401923
29,-0.006189969
29,-0.104188822
29,0.04312468
29,-0.205203626
29,-0.010730352
29,-0.023365596
30,-0.143715689
30,-0.117507169
30,-0.13604709
30,-0.078619812
30,-0.070550432
30,-0.121970803
30,-0.088288954
30,-0.120638243
30,-0.141251243
31,-0.081114147
31,-0.041856898
31,-0.043598707
31,-0.0062617
31,-0.058693824
31,0.006635023
31,-0.108043078
31,0.074308881
31,0.072824832
32,-0.067371506
32,-0.07579815
32,-0.005095125
32,0.008723284
32,-0.091552392
32,-0.095757322
32,-0.038382739
32,-0.038500284
32,-0.046287522
33,0.031833524
33,0.141325873
33,0.124346472
33,0.046483416
33,0.067360288
33,0.00143731
33,0.055943917
33,0.042743395
33,0.152224022
34,0.079062811
34,0.120416518
34,0.07905425
34,0.154816406
34,0.107581041
34,0.071702235
34,-0.036255451
34,0.050332256
35,-0.31111242
35,-0.170594109
35,-0.094854731
35,-0.219514761
35,-0.098819305
35,-0.159416585
35,-0.163857014
35,-0.07409153
35,-0.273618503
36,-0.033245938
36,0.048772541
36,0.105538184
36,0.081032018
36,0.083937915
36,0.044198015
36,0.05071967
36,0.00170577
36,0.049279837
37,-0.074726823
37,0.012367815
37,0.033559664
37,-0.005661083
37,0.014400817
37,0.143307906
37,0.013759739
37,-0.001171674
37,0.078660531
38,-0.203668317
38,-0.126498375
38,-0.128056947
38,-0.123704637
38,-0.172895617
38,-0.14687405
38,-0.103407284
38,-0.106678574
38,-0.111637139
39,-0.060045798
39,-0.079428686
39,-0.037251791
39,-0.062211184
39,-0.029495921
39,-0.0160064
39,-0.028218546
39,0.09677709
39,-0.026230977
40,0.067200841
40,0.094998503
40,0.032045382
40,0.007769732
40,0.062592618
40,0.095987728
40,-0.060716785
40,0.088599109
40,0.038157487
41,0.015044057
41,0.090774125
41,0.045801701
41,0.017975833
41,0.095402507
41,-0.02542524
41,0.012436796
41,0.079735803
41,0.048324752
42,0.18194526
42,0.008767515
42,0.18135061
42,0.03649749
42,0.005219241
42,0.083350926
42,-0.004980421
42,-0.004521969
42,0.152087555
43,-0.105549498
43,-0.219905001
43,-0.113021116
43,-0.044126059
43,-0.034610913
43,-0.042782023
43,-0.094872079
43,-0.019157631
43,-0.162738487
44,0.053364757
44,0.031483965
44,0.135806369
44,0.145570719
44,0.162772764
44,0.103115571
44,0.064299621
44,0.134067762
44,0.069355403
45,-0.067866674
45,0.072055612
45,0.077327833
45,-0.055198959
45,-0.056567538
45,0.073365094
45,0.191396665
45,0.168982501
45,0.111973753
46,-0.109494453
46,0.042306548
46,-0.020822674
46,0.079063499
46,0.064838606
46,0.091832157
46,0.04726614
46,0.076082238
46,0.024495453
47,0.007528734
47,0.092135613
47,0.105880209
47,0.163594211
47,0.045916533
47,0.13796927
47,0.075606708
47,-0.044733242
47,0.019387591
48,-0.010089936
48,-0.008473679
48,-0.011843968
48,0.019178907
48,0.01169044
48,0.154273149
48,0.079359129
48,0.069203685
48,-0.003271111
49,0.072350603
49,-0.030539455
49,0.151565726
49,-0.024778575
49,0.055331941
49,-0.012293167
49,0.13715717
49,-0.016905264
49,0.032986659
50,0.068765596
50,0.061727908
50,0.089361964
50,-0.033159412
50,0.088559535
50,-0.005430936
50,0.153610808
50,0.050659475
50,-0.014878745
51,-0.124108239
51,0.063517611
51,0.166145059
51,0.050098283
51,0.081198255
51,-0.030506373
51,0.095249153
51,0.146232104
51,0.070553952
52,0.14377855
52,0.220315266
52,0.187653046
52,0.287441888
52,0.190373541
52,0.100465835
52,0.100031424
52,0.239794464
52,0.180069071
53,0.10751105
53,0.050502366
53,-0.010928918
53,0.086479282
53,0.00303505
53,-0.028990251
53,0.172137464
53,-0.00760821
53,-0.000352027
54,-0.031428858
54,-0.119967251
54,0.009686674
54,0.014152352
54,0.122215236
54,0.070337617
54,-0.006933003
54,-0.019165452
54,0.067918677
55,-0.001791564
55,0.169139929
55,0.145615058
55,0.080126926
55,0.049943855
55,0.107476977
55,0.129057933
55,0.034711713
55,-0.090898147
56,-0.011697322
56,0.032010342
56,0.057937599
56,-0.044354057
56,-0.040230012
56,-0.071240479
56,-0.009496147
56,0.006238714
56,0.036579194
57,0.077641248
57,0.009725375
57,0.000582329
57,0.10020024
57,-0.092679474
57,-0.012461966
57,-0.019168679
57,0.089081728
57,0.062101889
58,0.204137783
58,0.14925629
58,0.146676699
58,0.145813904
58,0.130717254
58,0.065660105
58,0.130559621
58,0.186173539
58,0.220874334
59,-0.179619763
59,-0.031653509
59,-0.140031507
59,-0.115904517
59,-0.054044487
59,-0.117262813
59,-0.073185524
59,-0.054292593
59,-0.146143017
60,0.062635057
60,0.062930421
60,0.109124772
60,0.161198934
60,0.049072968
60,0.114877309
60,0.068388619
60,0.107220121
60,0.038374901
61,0.236642896
61,0.194298119
61,0.217991198
61,0.300752462
61,0.163857058
61,0.193685901
61,0.080412754
61,0.229955736
61,0.148123386
62,-0.043589585
62,0.012441518
62,0.017701666
62,-0.023465093
62,0.021065574
62,-0.069895864
62,-0.095026062
62,-0.041508964
62,-0.002622143
63,-0.07528032
63,-0.012202563
63,0.004885011
63,0.039772686
63,0.003471617
63,-0.08857191
63,0.043073427
63,-0.001530453
63,0.045719465
64,-0.028662896
64,0.124539711
64,0.11961218
64,0.100378411
64,0.005218846
64,0.056968357
64,0.065152964
64,0.112122207
64,0.162213984
